slidename,split,label
normal_062,train,normal
normal_091,train,normal
normal_120,train,normal
normal_043,train,normal
normal_144,train,normal
normal_087,train,normal
normal_134,train,normal
normal_128,train,normal
normal_137,train,normal
normal_067,train,normal
normal_031,train,normal
normal_124,train,normal
normal_152,train,normal
normal_019,train,normal
normal_098,train,normal
normal_121,train,normal
normal_001,train,normal
normal_018,train,normal
normal_053,train,normal
normal_123,train,normal
normal_039,train,normal
normal_073,train,normal
normal_132,train,normal
normal_096,train,normal
normal_003,train,normal
normal_020,train,normal
normal_077,train,normal
normal_142,train,normal
normal_068,train,normal
normal_157,train,normal
normal_156,train,normal
normal_143,train,normal
normal_112,train,normal
normal_004,train,normal
normal_102,train,normal
normal_055,train,normal
normal_033,train,normal
normal_076,train,normal
normal_015,train,normal
normal_148,train,normal
normal_054,train,normal
normal_044,train,normal
normal_064,train,normal
normal_099,train,normal
normal_050,train,normal
normal_066,train,normal
normal_094,train,normal
normal_115,train,normal
normal_065,train,normal
normal_017,train,normal
normal_084,train,normal
normal_070,train,normal
normal_145,train,normal
normal_026,train,normal
normal_079,train,normal
normal_106,train,normal
normal_014,train,normal
normal_104,train,normal
normal_130,train,normal
normal_140,train,normal
normal_037,train,normal
normal_061,train,normal
normal_093,train,normal
normal_028,train,normal
normal_103,train,normal
normal_075,train,normal
normal_052,train,normal
normal_136,train,normal
normal_005,train,normal
normal_097,train,normal
normal_149,train,normal
normal_042,train,normal
normal_160,train,normal
normal_133,train,normal
normal_101,train,normal
normal_118,train,normal
normal_146,train,normal
normal_090,train,normal
normal_032,train,normal
normal_139,train,normal
normal_022,train,normal
normal_122,train,normal
normal_010,train,normal
normal_083,train,normal
normal_035,train,normal
normal_129,train,normal
normal_125,train,normal
normal_048,train,normal
normal_021,train,normal
normal_107,train,normal
normal_082,train,normal
normal_117,train,normal
normal_155,train,normal
normal_114,train,normal
normal_126,train,normal
normal_100,train,normal
normal_113,train,normal
normal_111,train,normal
normal_030,train,normal
normal_085,train,normal
normal_119,train,normal
normal_150,train,normal
normal_092,train,normal
normal_025,train,normal
normal_074,train,normal
normal_047,train,normal
normal_080,train,normal
normal_081,train,normal
normal_108,train,normal
normal_038,train,normal
normal_158,train,normal
normal_011,train,normal
normal_127,train,normal
normal_016,train,normal
normal_069,train,normal
normal_059,train,normal
normal_095,train,normal
normal_006,train,normal
normal_105,train,normal
normal_034,train,normal
normal_078,train,normal
normal_045,train,normal
normal_135,train,normal
normal_046,train,normal
normal_013,train,normal
normal_049,train,normal
normal_012,train,normal
normal_154,val,normal
normal_088,val,normal
normal_147,val,normal
normal_040,val,normal
normal_138,val,normal
normal_089,val,normal
normal_151,val,normal
normal_041,val,normal
normal_002,val,normal
normal_072,val,normal
normal_116,val,normal
normal_057,val,normal
normal_109,val,normal
normal_153,val,normal
normal_051,val,normal
normal_159,val,normal
normal_131,val,normal
normal_060,val,normal
normal_056,val,normal
normal_024,val,normal
normal_008,val,normal
normal_009,val,normal
normal_110,val,normal
normal_023,val,normal
normal_141,val,normal
normal_027,val,normal
normal_036,val,normal
normal_058,val,normal
normal_063,val,normal
normal_071,val,normal
normal_007,val,normal
normal_029,val,normal
tumor_013,train,tumor
tumor_049,train,tumor
tumor_067,train,tumor
tumor_092,train,tumor
tumor_019,train,tumor
tumor_062,train,tumor
tumor_100,train,tumor
tumor_060,train,tumor
tumor_010,train,tumor
tumor_106,train,tumor
tumor_076,train,tumor
tumor_030,train,tumor
tumor_006,train,tumor
tumor_024,train,tumor
tumor_027,train,tumor
tumor_037,train,tumor
tumor_025,train,tumor
tumor_096,train,tumor
tumor_044,train,tumor
tumor_097,train,tumor
tumor_109,train,tumor
tumor_012,train,tumor
tumor_102,train,tumor
tumor_088,train,tumor
tumor_075,train,tumor
tumor_045,train,tumor
tumor_007,train,tumor
tumor_035,train,tumor
tumor_105,train,tumor
tumor_053,train,tumor
tumor_074,train,tumor
tumor_051,train,tumor
tumor_084,train,tumor
tumor_079,train,tumor
tumor_107,train,tumor
tumor_032,train,tumor
tumor_018,train,tumor
tumor_059,train,tumor
tumor_033,train,tumor
tumor_043,train,tumor
tumor_056,train,tumor
tumor_090,train,tumor
tumor_103,train,tumor
tumor_050,train,tumor
tumor_004,train,tumor
tumor_041,train,tumor
tumor_046,train,tumor
tumor_064,train,tumor
tumor_094,train,tumor
tumor_066,train,tumor
tumor_054,train,tumor
tumor_080,train,tumor
tumor_036,train,tumor
tumor_038,train,tumor
tumor_002,train,tumor
tumor_083,train,tumor
tumor_005,train,tumor
tumor_089,train,tumor
tumor_016,train,tumor
tumor_085,train,tumor
tumor_029,train,tumor
tumor_072,train,tumor
tumor_058,train,tumor
tumor_057,train,tumor
tumor_099,train,tumor
tumor_052,train,tumor
tumor_087,train,tumor
tumor_101,train,tumor
tumor_028,train,tumor
tumor_055,train,tumor
tumor_095,train,tumor
tumor_034,train,tumor
tumor_022,train,tumor
tumor_071,train,tumor
tumor_061,train,tumor
tumor_093,train,tumor
tumor_017,train,tumor
tumor_069,train,tumor
tumor_009,train,tumor
tumor_091,train,tumor
tumor_104,train,tumor
tumor_011,train,tumor
tumor_073,train,tumor
tumor_086,train,tumor
tumor_008,train,tumor
tumor_031,train,tumor
tumor_040,train,tumor
tumor_047,train,tumor
tumor_015,val,tumor
tumor_003,val,tumor
tumor_063,val,tumor
tumor_042,val,tumor
tumor_077,val,tumor
tumor_001,val,tumor
tumor_068,val,tumor
tumor_070,val,tumor
tumor_021,val,tumor
tumor_110,val,tumor
tumor_048,val,tumor
tumor_020,val,tumor
tumor_026,val,tumor
tumor_078,val,tumor
tumor_108,val,tumor
tumor_082,val,tumor
tumor_039,val,tumor
tumor_081,val,tumor
tumor_014,val,tumor
tumor_111,val,tumor
tumor_023,val,tumor
tumor_098,val,tumor
tumor_065,val,tumor
test_001,test,
test_002,test,
test_003,test,
test_004,test,
test_005,test,
test_006,test,
test_007,test,
test_008,test,
test_009,test,
test_010,test,
test_011,test,
test_012,test,
test_013,test,
test_014,test,
test_015,test,
test_016,test,
test_017,test,
test_018,test,
test_019,test,
test_020,test,
test_021,test,
test_022,test,
test_023,test,
test_024,test,
test_025,test,
test_026,test,
test_027,test,
test_028,test,
test_029,test,
test_030,test,
test_031,test,
test_032,test,
test_033,test,
test_034,test,
test_035,test,
test_036,test,
test_037,test,
test_038,test,
test_039,test,
test_040,test,
test_041,test,
test_042,test,
test_043,test,
test_044,test,
test_045,test,
test_046,test,
test_047,test,
test_048,test,
test_049,test,
test_050,test,
test_051,test,
test_052,test,
test_053,test,
test_054,test,
test_055,test,
test_056,test,
test_057,test,
test_058,test,
test_059,test,
test_060,test,
test_061,test,
test_062,test,
test_063,test,
test_064,test,
test_065,test,
test_066,test,
test_067,test,
test_068,test,
test_069,test,
test_070,test,
test_071,test,
test_072,test,
test_073,test,
test_074,test,
test_075,test,
test_076,test,
test_077,test,
test_078,test,
test_079,test,
test_080,test,
test_081,test,
test_082,test,
test_083,test,
test_084,test,
test_085,test,
test_086,test,
test_087,test,
test_088,test,
test_089,test,
test_090,test,
test_091,test,
test_092,test,
test_093,test,
test_094,test,
test_095,test,
test_096,test,
test_097,test,
test_098,test,
test_099,test,
test_100,test,
test_101,test,
test_102,test,
test_103,test,
test_104,test,
test_105,test,
test_106,test,
test_107,test,
test_108,test,
test_109,test,
test_110,test,
test_111,test,
test_112,test,
test_113,test,
test_114,test,
test_115,test,
test_116,test,
test_117,test,
test_118,test,
test_119,test,
test_120,test,
test_121,test,
test_122,test,
test_123,test,
test_124,test,
test_125,test,
test_126,test,
test_127,test,
test_128,test,
test_129,test,
test_130,test,
